{
  "in_channels": 3,
  "num_nodes": 3,
  "kernel_size": 5,
  "hid_channels": 64,
  "dataset_dir": "dataset",
  "data_meta": {
    "output": [
      "Temperature_A",
      "Pressure_A",
      "GasFlow_A",
      "Temperature_B",
      "Pressure_B",
      "GasFlow_B",
      "Temperature_C",
      "Pressure_C"
    ],
	"output_type": [
      "float32",
      "float32",
      "float32",
      "float32",
      "float32",
      "float32",
      "float32",
      "float32"
    ],
    "input": [
      "KPI_X",
      "KPI_Y",
      "KPI_Z"
    ],
	"input_type": [
      "float32",
      "float32",
      "float32"
    ],
    "in_len": 48,
    "out_len": 48,
    "node_slices": {
      "A": [
        0,
        3
      ],
      "B": [
        3,
        6
      ],
      "C": [
        6,
        8
      ]
    }
  },
  "scaler": {
    "x": {
      "mean": [
        99.7961654663086,
        200.08970642089844,
        300.08056640625,
        50.171722412109375,
        180.89772033691406,
        280.9915771484375,
        74.74304962158203,
        160.80177307128906
      ],
      "std": [
        4.643367767333984,
        10.170223236083984,
        14.755969047546387,
        1.9690665006637573,
        6.674783706665039,
        12.388511657714844,
        2.974661350250244,
        6.166457176208496
      ]
    },
    "y": {
      "mean": [
        -377.2178649902344,
        182.62159729003906,
        15.840889930725098
      ],
      "std": [
        14.819075584411621,
        13.925707817077637,
        12.327043533325195
      ]
    }
  }
}